rank,finding_id,finding,category,evidence,measured_impact,confidence,general_or_strategy_specific,expected_benefit,implementation_risk,reversibility,benchmark_method,preconditions_acceptance,next_action
1,F1,Queue wait dominates discovery-to-decision,1_general_performance,"evidence diagnostics n=383 observe_to_claim p50=375.1s; mongo n=672 observe_to_verify p50=379.2s; verify pool median=1.64s",~99% of discovery-to-decision wall-clock is queue wait,high,general,Lower decision latency for any strategy using this queue,medium,medium,"Recompute observe_to_claim p50/p95 and verify_rate after admission/priority changes; keep workers=6","SHADOW; kill engaged; chain fairness maintained; no AUTOEXEC",implementation_proposal
2,F2,Most discovered candidates expire unverified,2_coverage_discovery,"mongo since start hint=14108 verified=672 (4.76%); expired_unverified=13436; strategy backlog route_search=5118",95% of candidates never verified; backlog > drain,high,general_with_coverage,"Higher fraction of fresh candidates decided; less wasted enumeration",medium,medium,"verify_rate; expired_unverified_rate; fresh_eligible_depth; per-chain claim fairness","Do not increase discovery volume without verify capacity; SHADOW only",implementation_proposal
3,F7,Missing evidence bundles for verified candidates,1_general_performance,"verified=672 evidence=383 missing=289 (43%)",Claim/stage observability incomplete for nearly half of verifies,high,general,Complete correlated baselines; debug finalisation failures,low,high,"missing_evidence_rate -> 0 under SHADOW soak","No signing required; persist best-effort unsigned bundles",measurement
4,F3,Claim-to-stamp exceeds active verify duration,1_general_performance,"claim_to_stamp p50=6.54s n=383 vs verify_duration median=1.64s n=672",~5s extra finalisation/scheduling latency after claim,medium,general,Faster decision finalisation once queue wait fixed,medium,medium,"Stage-split histograms: quote_ms rpc_ms gate7_ms persist_ms; claim_to_stamp p50","Requires instrumentation from rank1 measurement item first",measurement
5,F4,Mongo scanner op latency tail,1_general_performance,"capacity.mongo n=256 p50=30.7ms p95=232.6ms max=34785ms",Occasional multi-second to 35s tails can inflate job latency,medium,general,Reduce verify p99 tails,medium,high,"mongo latency p95/p99 under SHADOW; correlate with slow candidate_ids","Read-only query plan analysis first; no invasive agents",measurement
6,F5,RPC continuous latency not evidenced as dominant,1_general_performance,"W1 quoter_429 proxy http_429=0 rpc_rate_limit=2 cooldown_gate=1; provider last_ok~W1 end",Cannot attribute e2e minutes to RPC from current telemetry,medium,general,Clarify whether RPC optimisation is warranted,low,high,"Per-candidate rpc_ms histogram + provider rolling ewma during active scanner window","No new RPC probes; use existing traffic only",measurement
7,F6,All flash-loan gate-7 economics negative,4_economics_execution,"gate7 evaluations=657 positive=0 best_net=-59.77 median=-262.25",Speed-ups cannot create profit from these samples,high,strategy_and_economics,Avoid false performance work; focus coverage/quality,n/a,n/a,"Track positive_net_count and best_net alongside latency","Do not classify negative EV as perf bug",no_action
8,F8,Continuous decision_history path zero executable EV,4_economics_execution,"~456 decisions/h last 6h; sample 5000 would_execute=0 positive_net=0; quote_age p50=0.095s",Separate path already has fresh quotes but no executable EV,high,strategy_and_economics,Do not conflate with flash-loan worker tuning,n/a,n/a,"Keep path-tagged metrics in future baselines","Identify writer component in a read-only code/map pass",measurement
9,F9,Worker count increase without admission control,1_general_performance,"W1 util=0.80; live claims/verifies_per_min=0; scanner enabled=false",No valid current proof that more workers improve EV or wait,low,general,Unknown; risk of higher RPC pressure,medium,high,"Controlled SHADOW A/B only after F1/F2 measurement; workers unchanged in this task","AUTOEXEC false; kill engaged; fairness checks",no_action
10,F10,Sub-second or Flashblock hot-path rewrite,3_strategy_specific_latency,"No event timestamps; no positive EV; no measured opportunity lifetime on this runtime",Not justified by current evidence,low,strategy_specific,Speculative,high,low,"Requires strategy lifetime + event_to_decision instrumentation first","Do not set sub-200ms SLO yet",no_action
